use sys;
create database salesperson;
use salesperson;
CREATE TABLE ai_models (
    model_id INT PRIMARY KEY,
    model_name VARCHAR(255),
    model_type VARCHAR(255),
    description TEXT,
    use_cases TEXT
);
CREATE TABLE model_performance (
    performance_id INT PRIMARY KEY,
    model_id INT,
    dataset_name VARCHAR(255),
    metric VARCHAR(255),
    score DECIMAL(10, 2),
    evaluation_date DATE,
    FOREIGN KEY (model_id) REFERENCES ai_models(model_id)
);
CREATE TABLE model_developers (
    developer_id INT PRIMARY KEY,
    developer_name VARCHAR(255),
    model_id INT,
    FOREIGN KEY (model_id) REFERENCES ai_models(model_id)
);
INSERT INTO ai_models (model_id, model_name, model_type, description, use_cases) VALUES
(1, 'Linear Regression', 'Supervised Learning', 'Linear regression is a linear approach to modeling the relationship between a dependent variable and one or more independent variables.', 'Predicting housing prices, stock prices, etc.'),
(2, 'Logistic Regression', 'Supervised Learning', 'Logistic regression is a statistical model that is used for binary classification problems.', 'Spam detection, credit scoring, etc.'),
(3, 'Decision Tree', 'Supervised Learning', 'Decision tree is a flowchart-like structure in which each internal node represents a "test" on an attribute, each branch represents the outcome of the test, and each leaf node represents a class label.', 'Customer churn prediction, medical diagnosis, etc.'),
(4, 'Random Forest', 'Ensemble Learning', 'Random forest is an ensemble learning method that operates by constructing a multitude of decision trees at training time and outputting the class that is the mode of the classes.', 'Customer segmentation, anomaly detection, etc.'),
(5, 'Support Vector Machine', 'Supervised Learning', 'Support Vector Machine (SVM) is a supervised learning algorithm that can be used for classification or regression tasks.', 'Image classification, text classification, etc.'),
(6, 'K-Nearest Neighbors', 'Supervised Learning', 'K-Nearest Neighbors (KNN) is a simple, instance-based learning algorithm that stores all available cases and classifies new cases based on a similarity measure.', 'Recommendation systems, pattern recognition, etc.'),
(7, 'Naive Bayes', 'Supervised Learning', 'Naive Bayes is a classification technique based on Bayes’ Theorem with an assumption of independence among predictors.', 'Email spam filtering, sentiment analysis, etc.'),
(8, 'Neural Networks', 'Deep Learning', 'Neural networks are a set of algorithms, modeled loosely after the human brain, that are designed to recognize patterns.', 'Image recognition, speech recognition, etc.'),
(9, 'Convolutional Neural Network', 'Deep Learning', 'Convolutional Neural Network (CNN) is a type of deep neural network that is primarily used for image recognition and processing.', 'Object detection, facial recognition, etc.'),
(10, 'Recurrent Neural Network', 'Deep Learning', 'Recurrent Neural Network (RNN) is a type of neural network that is designed to recognize patterns in sequences of data, such as time series or text.', 'Natural language processing, speech recognition, etc.'),
(11, 'Gated Recurrent Unit', 'Deep Learning', 'Gated Recurrent Unit (GRU) is a type of recurrent neural network that is similar to the LSTM (Long Short-Term Memory) unit, but with fewer parameters.', 'Time series prediction, sequence generation, etc.'),
(12, 'Long Short-Term Memory', 'Deep Learning', 'Long Short-Term Memory (LSTM) is a type of recurrent neural network architecture that is designed to overcome the vanishing gradient problem.', 'Language translation, sentiment analysis, etc.'),
(13, 'Generative Adversarial Network', 'Deep Learning', 'Generative Adversarial Network (GAN) is a type of deep learning model that consists of two neural networks: a generator and a discriminator, which are trained together in a competitive setting.', 'Image generation, data augmentation, etc.'),
(14, 'Autoencoder', 'Deep Learning', 'Autoencoder is a type of neural network architecture that is trained to copy its input to its output.', 'Dimensionality reduction, feature learning, etc.'),
(15, 'Principal Component Analysis', 'Unsupervised Learning', 'Principal Component Analysis (PCA) is a dimensionality reduction technique that is commonly used to reduce the dimensionality of large datasets while preserving as much variance as possible.', 'Data visualization, noise reduction, etc.'),
(16, 'K-Means Clustering', 'Unsupervised Learning', 'K-Means Clustering is a partitioning method that divides the data points into several groups (clusters) such that data points in the same group are similar to each other.', 'Customer segmentation, anomaly detection, etc.'),
(17, 'Hierarchical Clustering', 'Unsupervised Learning', 'Hierarchical Clustering is a method of cluster analysis that seeks to build a hierarchy of clusters.', 'Taxonomy creation, gene expression analysis, etc.'),
(18, 'DBSCAN', 'Unsupervised Learning', 'DBSCAN (Density-Based Spatial Clustering of Applications with Noise) is a density-based clustering algorithm that groups together points that are closely packed together.', 'Spatial data analysis, outlier detection, etc.'),
(19, 'Apriori', 'Association Rule Learning', 'Apriori is a data mining algorithm used to discover association rules between items in a transactional database.', 'Market basket analysis, recommendation systems, etc.'),
(20, 'FP-Growth', 'Association Rule Learning', 'FP-Growth (Frequent Pattern Growth) is an efficient algorithm used to find frequent itemsets in a transactional database.', 'Market basket analysis, recommendation systems, etc.'),
(21, 'Word2Vec', 'Natural Language Processing', 'Word2Vec is a technique for learning word embeddings from a large corpus of text data.', 'Semantic analysis, sentiment analysis, etc.'),
(22, 'Doc2Vec', 'Natural Language Processing', 'Doc2Vec is an extension of the Word2Vec model that allows for the generation of document embeddings.', 'Document classification, document similarity, etc.'),
(23, 'Named Entity Recognition', 'Natural Language Processing', 'Named Entity Recognition (NER) is a natural language processing task that involves identifying and classifying named entities (such as names of persons, organizations, locations, etc.) in text.', 'Information extraction, question answering, etc.'),
(24, 'Text Classification', 'Natural Language Processing', 'Text Classification is a supervised learning task that involves assigning predefined categories or labels to textual documents.', 'Sentiment analysis, topic modeling, etc.'),
(25, 'Sequence-to-Sequence Models', 'Natural Language Processing', 'Sequence-to-Sequence (Seq2Seq) models are a type of neural network architecture that is used for tasks involving sequences of data, such as machine translation and text summarization.', 'Machine translation, text summarization, etc.'),
(26, 'Transformer Models', 'Natural Language Processing', 'Transformer models are a type of deep learning model architecture that is based on self-attention mechanisms.', 'Language translation, text generation, etc.'),
(27, 'Graph Convolutional Network', 'Graph Representation Learning', 'Graph Convolutional Network (GCN) is a type of neural network architecture that is designed to operate on graph-structured data.', 'Node classification, link prediction, etc.'),
(28, 'Graph Autoencoder', 'Graph Representation Learning', 'Graph Autoencoder is a type of neural network architecture that is used for learning low-dimensional embeddings of graphs.', 'Graph visualization, graph generation, etc.'),
(29, 'Graph Neural Network', 'Graph Representation Learning', 'Graph Neural Network (GNN) is a type of neural network architecture that is designed to operate on graph-structured data by incorporating information from node neighbors.', 'Node classification, graph classification, etc.'),
(30, 'Reinforcement Learning', 'Reinforcement Learning', 'Reinforcement Learning is a type of machine learning paradigm that involves an agent learning to make decisions by interacting with an environment.', 'Game playing, robotics, etc.'),
(31, 'Q-Learning', 'Reinforcement Learning', 'Q-Learning is a model-free reinforcement learning algorithm that learns to make decisions by estimating the value of actions in a given state.', 'Robot navigation, control systems, etc.'),
(32, 'Deep Q-Network', 'Reinforcement Learning', 'Deep Q-Network (DQN) is a deep reinforcement learning algorithm that combines deep learning techniques with Q-learning.', 'Video game playing, robotics, etc.'),
(33, 'Policy Gradient Methods', 'Reinforcement Learning', 'Policy Gradient Methods are a class of reinforcement learning algorithms that directly learn the policy function that maps states to actions.', 'Robotics control, natural language processing, etc.'),
(34, 'Actor-Critic Methods', 'Reinforcement Learning', 'Actor-Critic Methods are a class of reinforcement learning algorithms that combine the benefits of value-based and policy-based methods.', 'Robot locomotion, game playing, etc.'),
(35, 'Temporal Difference Learning', 'Reinforcement Learning', 'Temporal Difference Learning is a type of reinforcement learning algorithm that learns by updating value estimates based on the difference between current and predicted future rewards.', 'Game playing, control systems, etc.'),
(36, 'Monte Carlo Methods', 'Reinforcement Learning', 'Monte Carlo Methods are a class of reinforcement learning algorithms that estimate the value of states by averaging over multiple simulated trajectories.', 'Game playing, optimization problems, etc.'),
(37, 'Value Iteration', 'Reinforcement Learning', 'Value Iteration is a dynamic programming algorithm that iteratively computes the optimal value function for a Markov decision process.', 'Robot motion planning, game playing, etc.'),
(38, 'Sarsa', 'Reinforcement Learning', 'Sarsa is a model-free reinforcement learning algorithm that learns by updating action values based on observed transitions.', 'Robot navigation, control systems, etc.'),
(39, 'Sarsa(λ)', 'Reinforcement Learning', 'Sarsa(λ) is a variation of the Sarsa algorithm that uses eligibility traces to update action values based on multiple observed transitions.', 'Robot motion planning, game playing, etc.'),
(40, 'Multi-Armed Bandit', 'Reinforcement Learning', 'Multi-Armed Bandit is a type of reinforcement learning problem that involves choosing between multiple actions, each with an unknown reward distribution.', 'Online advertising, recommendation systems, etc.'),
(41, 'Bayesian Optimization', 'Optimization', 'Bayesian Optimization is a sequential model-based optimization technique that is particularly well-suited for optimization problems with expensive-to-evaluate objective functions.', 'Hyperparameter tuning, experimental design, etc.'),
(42, 'Genetic Algorithms', 'Optimization', 'Genetic Algorithms are a class of optimization algorithms that mimic the process of natural selection to evolve solutions to optimization problems.', 'Function optimization, feature selection, etc.'),
(43, 'Particle Swarm Optimization', 'Optimization', 'Particle Swarm Optimization is a population-based optimization technique inspired by the social behavior of birds and fish.', 'Function optimization, parameter estimation, etc.'),
(44, 'Simulated Annealing', 'Optimization', 'Simulated Annealing is a probabilistic optimization technique that is inspired by the annealing process in metallurgy.', 'Combinatorial optimization, scheduling problems, etc.'),
(45, 'Ant Colony Optimization', 'Optimization', 'Ant Colony Optimization is a metaheuristic optimization technique that is inspired by the foraging behavior of ants.', 'Travelling salesman problem, routing problems, etc.'),
(46, 'Tabu Search', 'Optimization', 'Tabu Search is a metaheuristic optimization algorithm that is based on the principle of iteratively moving from one solution to another while avoiding certain "taboo" moves.', 'Combinatorial optimization, scheduling problems, etc.'),
(47, 'Local Search', 'Optimization', 'Local Search is an optimization technique that starts with an initial solution and iteratively explores neighboring solutions to find a better solution.', 'Constraint satisfaction problems, scheduling problems, etc.'),
(48, 'Linear Programming', 'Optimization', 'Linear Programming is a mathematical optimization technique that is used to maximize or minimize a linear objective function subject to linear equality and inequality constraints.', 'Resource allocation, production planning, etc.'),
(49, 'Integer Programming', 'Optimization', 'Integer Programming is an optimization technique in which some or all of the variables in the objective function are constrained to be integers.', 'Project scheduling, production planning, etc.'),
(50, 'Quadratic Programming', 'Optimization', 'Quadratic Programming is a mathematical optimization technique that is used to solve problems with a quadratic objective function and linear constraints.', 'Portfolio optimization, machine learning, etc.');
select*from ai_models;
INSERT INTO model_performance (performance_id, model_id, dataset_name, metric, score, evaluation_date) VALUES
(1, 1, 'Housing Dataset', 'Mean Squared Error', 250.75, '2023-01-15'),
(2, 2, 'Spam Detection Dataset', 'Accuracy', 0.95, '2023-02-10'),
(3, 3, 'Customer Churn Dataset', 'Gini Coefficient', 0.75, '2023-03-20'),
(4, 4, 'Credit Scoring Dataset', 'Area Under ROC Curve', 0.85, '2023-04-05'),
(5, 5, 'Image Classification Dataset', 'Accuracy', 0.90, '2023-05-12'),
(6, 6, 'Recommendation System Dataset', 'Precision', 0.85, '2023-06-18'),
(7, 7, 'Email Spam Dataset', 'F1 Score', 0.80, '2023-07-25'),
(8, 8, 'Image Recognition Dataset', 'Accuracy', 0.95, '2023-08-30'),
(9, 9, 'Natural Language Processing Dataset', 'Perplexity', 150.50, '2023-09-15'),
(10, 10, 'Language Translation Dataset', 'BLEU Score', 0.70, '2023-10-20'),
(11, 11, 'Time Series Prediction Dataset', 'Mean Absolute Error', 20.25, '2023-11-25'),
(12, 12, 'Language Translation Dataset', 'BLEU Score', 0.75, '2023-12-28'),
(13, 13, 'Image Generation Dataset', 'Frechet Inception Distance', 30.50, '2024-01-05'),
(14, 14, 'Dimensionality Reduction Dataset', 'Variance Explained', 0.80, '2024-02-10'),
(15, 15, 'Data Visualization Dataset', 'Accuracy', 0.85, '2024-03-15'),
(16, 16, 'Customer Segmentation Dataset', 'Silhouette Score', 0.70, '2024-04-20'),
(17, 17, 'Market Basket Analysis Dataset', 'Confidence', 0.75, '2024-05-25'),
(18, 18, 'Spatial Data Analysis Dataset', 'DB Index', 0.65, '2024-06-30'),
(19, 19, 'Optimization Problem Dataset', 'Support', 0.80, '2024-07-05'),
(20, 20, 'Recommendation System Dataset', 'Precision', 0.85, '2024-08-10'),
(21, 21, 'Semantic Analysis Dataset', 'Cosine Similarity', 0.70, '2024-09-15'),
(22, 22, 'Document Classification Dataset', 'Accuracy', 0.90, '2024-10-20'),
(23, 23, 'Information Extraction Dataset', 'Precision', 0.80, '2024-11-25'),
(24, 24, 'Sentiment Analysis Dataset', 'Accuracy', 0.85, '2024-12-30'),
(25, 25, 'Machine Translation Dataset', 'BLEU Score', 0.75, '2025-01-05'),
(26, 26, 'Text Generation Dataset', 'Perplexity', 100.50, '2025-02-10'),
(27, 27, 'Node Classification Dataset', 'Accuracy', 0.80, '2025-03-15'),
(28, 28, 'Graph Generation Dataset', 'Edge Ratio', 0.70, '2025-04-20'),
(29, 29, 'Graph Classification Dataset', 'Accuracy', 0.85, '2025-05-25'),
(30, 30, 'Game Playing Dataset', 'Win Rate', 0.75, '2025-06-30'),
(31, 31, 'Robot Navigation Dataset', 'Success Rate', 0.80, '2025-07-05'),
(32, 32, 'Video Game Playing Dataset', 'Score', 1000.50, '2025-08-10'),
(33, 33, 'Natural Language Processing Dataset', 'Accuracy', 0.85, '2025-09-15'),
(34, 34, 'Robotics Control Dataset', 'Success Rate', 0.80, '2025-10-20'),
(35, 35, 'Machine Translation Dataset', 'BLEU Score', 0.75, '2025-11-25'),
(36, 36, 'Game Playing Dataset', 'Win Rate', 0.70, '2025-12-30'),
(37, 37, 'Robot Motion Planning Dataset', 'Success Rate', 0.80, '2026-01-05'),
(38, 38, 'Game Playing Dataset', 'Win Rate', 0.75, '2026-02-10'),
(39, 39, 'Robot Navigation Dataset', 'Success Rate', 0.80, '2026-03-15'),
(40, 40, 'Machine Translation Dataset', 'BLEU Score', 0.75, '2026-04-20'),
(41, 41, 'Natural Language Processing Dataset', 'Accuracy', 0.85, '2026-05-25'),
(42, 42, 'Robotics Control Dataset', 'Success Rate', 0.80, '2026-06-30'),
(43, 43, 'Game Playing Dataset', 'Win Rate', 0.75, '2026-07-05'),
(44, 44, 'Robot Motion Planning Dataset', 'Success Rate', 0.80, '2026-08-10'),
(45, 45, 'Machine Translation Dataset', 'BLEU Score', 0.75, '2026-09-15'),
(46, 46, 'Natural Language Processing Dataset', 'Accuracy', 0.85, '2026-10-20'),
(47, 47, 'Robotics Control Dataset', 'Success Rate', 0.80, '2026-11-25'),
(48, 48, 'Game Playing Dataset', 'Win Rate', 0.75, '2026-12-30'),
(49, 49, 'Robot Navigation Dataset', 'Success Rate', 0.80, '2027-01-05'),
(50, 50, 'Machine Translation Dataset', 'BLEU Score', 0.75, '2027-02-10');
select *from model_performance;

INSERT INTO model_developers (developer_id, developer_name, model_id) VALUES
(1, 'John Smith', 1),
(2, 'Emily Johnson', 2),
(3, 'Michael Williams', 3),
(4, 'Emma Jones', 4),
(5, 'Daniel Brown', 5),
(6, 'Olivia Davis', 6),
(7, 'William Miller', 7),
(8, 'Sophia Wilson', 8),
(9, 'James Moore', 9),
(10, 'Isabella Taylor', 10),
(11, 'Benjamin Anderson', 11),
(12, 'Ava Thomas', 12),
(13, 'Alexander Jackson', 13),
(14, 'Mia White', 14),
(15, 'Ethan Harris', 15),
(16, 'Charlotte Martinez', 16),
(17, 'Liam Lee', 17),
(18, 'Amelia Garcia', 18),
(19, 'Mason Rodriguez', 19),
(20, 'Harper Lopez', 20),
(21, 'Michael Perez', 21),
(22, 'Evelyn Sanchez', 22),
(23, 'Elijah Rivera', 23),
(24, 'Abigail Torres', 24),
(25, 'Logan Ramirez', 25),
(26, 'Elizabeth Barnes', 26),
(27, 'Jameson Scott', 27),
(28, 'Grace Coleman', 28),
(29, 'Oliver Powell', 29),
(30, 'Lily Bennett', 30),
(31, 'Benjamin Ross', 31),
(32, 'Avery Morris', 32),
(33, 'Lucas Perry', 33),
(34, 'Sofia Watson', 34),
(35, 'Henry Evans', 35),
(36, 'Aria Murphy', 36),
(37, 'Jackson Foster', 37),
(38, 'Scarlett Richardson', 38),
(39, 'Carter Reed', 39),
(40, 'Madison Cook', 40),
(41, 'Sebastian Bailey', 41),
(42, 'Chloe Brooks', 42),
(43, 'Elijah Long', 43),
(44, 'Penelope Price', 44),
(45, 'Wyatt Kelly', 45),
(46, 'Nora Sanders', 46),
(47, 'Grayson Wood', 47),
(48, 'Hannah Hughes', 48),
(49, 'Gabriel Carter', 49),
(50, 'Stella Howard', 50);
select *from model_developers;
